Username,Project
vf1,muvconf
caofb,nodewebkitqq
YutaMiyake,Astar
zefei,remonit
senpaiski,TopAnimeStream
rafaelkyrdan,Weather-Map
Antrikshy,MinecraftSnaps
jawerty,Hyro
brads-tools,node-webkit-ace-editor
slate,slate
sahanarula,broado
kimus,leximail
bianchimro,markgiu
Gozala,ambiance
29decibel,assistant
passcod,twd
josephlewis42,beancounter
ambrosechua,Youpp
danielking,docular
humu2009,candy-pdf-reader
willerce,spock
airbob,sizeChecker
isdampe,Notedown
sanddudu,nextday-desktop
shubapp,u2bear
kethinov,BubblePainter
nihgwu,Nevermore
TorrenTV,TorrenTV
rafaelkyrdan,cypher
mcaravind,PiktoPuzzle
fengmk2,fawave_desktop
malko,markdownald
aaronprojects,neodym-ide
azu,github-reader
isdampe,BosonEditorExperimental
mcaravind,HackerNewsSummary
Aluxian,Facebook-Messenger-Desktop
johansatge,pawnee
nodejitsu,browsenpm.org
leanote,desktop-app
jaruba,PowderPlayer
codio,iloveopensource
rockiger,akiee
HuayraLinux,huayra-stopmotion
oklai,koala
szwacz,sputnik
printhom,devkit-core
Atraci,Atraci
Soundnode,soundnode-app
demian85,git-watcher
alanshaw,david-www
Gisto,Gisto
badges,shields
jansmolders86,mediacenterjs
Strider-CD,strider
prawnsalad,KiwiIRC
tagspaces,tagspaces
popcorn-official,popcorn-desktop
sindresorhus,gulp-autoprefixer
yeoman,yosay
gruntjs,grunt-cli
substack,minimist
substack,node-mkdirp
rvagg,through2
terinjokes,gulp-uglify
dominictarr,through
wearefractal,gulp-concat
chalk,chalk
isaacs,rimraf
Marak,colors.js
justmoon,node-extend
broofa,node-mime
substack,node-optimist
wearefractal,gulp-util
npm,node-semver
dlmanning,gulp-sass
broofa,node-uuid
expressjs,body-parser
visionmedia,debug
yeoman,yo
isaacs,node-glob
jaredhanson,passport
tj,commander.js
node-inspector,node-inspector
andris9,Nodemailer
bcoe,yargs
chjj,marked
mranney,node_redis
foreverjs,forever
epeli,underscore.string
mishoo,UglifyJS2
winstonjs,winston
chriso,validator.js
caolan,async
remy,nodemon
visionmedia,superagent
kriskowal,q
gulpjs,gulp
felixge,node-mysql
cheeriojs,cheerio
yeoman,generator
apache,cordova-cli
gruntjs,grunt
wycats,handlebars.js
Automattic,socket.io
petkaantonov,bluebird
karma-runner,karma
request,request
jshint,jshint
mochajs,mocha
bower,bower
substack,node-browserify
jashkenas,underscore
Unitech,pm2
jadejs,jade
less,less.js
moment,moment
mde,ejs
mongodb,node-mongodb-native
senchalabs,connect
hapijs,hapi
facebook,react
balderdashy,sails
Automattic,mongoose
strongloop,express
lodash,lodash
jquery,jquery
npm,npm
axios,axios
meteor,meteor
strapi,strapi
nodejs,node
fastify,fastify
sahat,hackathon-starter
trekhleb,javascript-algorithms
discordjs,discord.js
atom,atom
30-seconds,30-seconds-of-code
goldbergyoni,nodebestpractices
expressjs,express
nwjs,nw.js
TryGhost,Ghost
GitSquared,edex-ui
hexojs,hexo
date-fns,date-fns
standard,standard
webtorrent,webtorrent
LeCoupa,awesome-cheatsheets
Binaryify,NeteaseCloudMusicApi
google,zx
lovell,sharp
avajs,ava
parse-community,parse-server
vercel,pkg
eggjs,egg
websockets,ws
mysqljs,mysql
svg,svgo
alsotang,node-lessons
jsdom,jsdom
typicode,lowdb
statsd,statsd
nswbmw,N-blog
keystonejs,keystone-classic
SBoudrias,Inquirer.js
NodeRedis,node-redis
motdotla,dotenv
gpujs,gpu.js
shelljs,shelljs
NodeBB,NodeBB
auchenberg,volkswagen
jwagner,smartcrop.js
tj,co
OptimalBits,bull
modood,Administrative-divisions-of-China
nightwatchjs,nightwatch
graphql,dataloader
stylus,stylus
marko-js,marko
GoogleChromeLabs,ndb
FredrikNoren,ungit
aui,art-template
avwo,whistle
Netflix,pollyjs
r-spacex,SpaceX-API
olistic,warriorjs
GoogleCloudPlatform,nodejs-getting-started
AnomalyInnovations,serverless-nodejs-starter
inadarei,nodebootstrap
tj,node-ratelimiter
auth0-blog,nodejs-jwt-authentication-sample
jshttp,basic-auth
PacktPublishing,Node.js_Design_Patterns_Second_Edition_Code
aurbano,robinhood-node
pgriess,node-webworker
hugmanrique,turbo-ws
sail-sail,ejsExcel
doyensec,electronegativity
pedronauck,micro-router
shinnn,gulp-gh-pages
LoeiFy,Mirror
DesertsP,Valine-Admin
JasonBoy,wechat-jssdk
apache,cordova-js
timgit,pg-boss
sindresorhus,capture-website-cli
shaneGirish,bcrypt-nodejs
blinksocks,blinksocks
yorkie,tensorflow-nodejs
pa-bru,graphql-cost-analysis
sambaiz,puppeteer-lambda-starter-kit
carboneio,carbone
xiadd,zhuishushenqi
sofastack,sofa-rpc-node
a7ul,esbuild-node-tsc
sintaxi,dbox
feross,simple-peer
yagop,node-telegram-bot-api
expressjs,session
FaisalUmair,udemy-downloader-gui
mikaelbr,node-notifier
jonschlinkert,remarkable
expressjs,cors
tumobi,nideshop
mixn,carbon-now-cli
standard-things,esm
nodegit,nodegit
serialport,node-serialport
imagemin,imagemin
Countly,countly-server
npm,cli
elastic,elasticsearch-js
olado,doT
moleculerjs,moleculer
axa-group,nlp.js
thelounge,thelounge
muicss,mui
clinicjs,node-clinic
socketio,engine.io
primus,primus
illuspas,Node-Media-Server
vendia,serverless-express
sindresorhus,execa
shadowsocks,shadowsocks-manager
rchipka,node-osmosis
haraka,Haraka
Level,levelup
FormidableLabs,nodejs-dashboard
jondot,hygen
acode,cli
gildas-lormeau,SingleFile
azat-co,practicalnode
apostrophecms,apostrophe
claudiajs,claudia
sindresorhus,speed-test
socketstream,socketstream
amir20,phantomjs-node
cyrus-and,chrome-remote-interface
codeceptjs,CodeceptJS
ssbc,patchwork
sindresorhus,create-dmg
simov,grant
apocas,dockerode
opentypejs,opentype.js
marcbachmann,node-html-pdf
apache,cordova-android
forwardemail,email-templates
vinta,pangu.js
NectarJS,nectarjs
vitaly-t,pg-promise
kach,nearley
lirantal,dockly
hagopj13,node-express-boilerplate
maildev,maildev
adaltas,node-csv
tellform,tellform
webtorrent,instant.io
pedroslopez,whatsapp-web.js
feross,thanks
sindresorhus,meow
checkly,puppeteer-examples
talyssonoc,node-api-boilerplate
princejwesley,Mancy
flitbit,diff
DavidAnson,markdownlint
visionmedia,node-progress
stdlib-js,stdlib
thlorenz,proxyquire
i5ik,22120
jagenjo,litegraph.js
esbenp,pdf-bot
Picovoice,porcupine
speakeasyjs,speakeasy
expressjs,compression
sendgrid,sendgrid-nodejs
vasanthv,jsonbox
BrasilAPI,cep-promise
gilbitron,Raneto
lukeed,taskr
primus,eventemitter3
felixrieseberg,npm-windows-upgrade
hyj1991,easy-monitor
join-monster,join-monster
emadehsan,thal
nodejs,undici
googleapis,google-cloud-node
imfly,bitcoin-on-nodejs
swagger-api,swagger-js
EventEmitter2,EventEmitter2
archiverjs,node-archiver
mgcrea,node-xlsx
GoogleCloudPlatform,nodejs-docs-samples
elbywan,wretch
coreybutler,node-windows
sindresorhus,trash
sindresorhus,file-type
jedireza,drywall
standard,eslint-config-standard
sindresorhus,alfy
expressjs,csurf
dashersw,cote
PrismarineJS,mineflayer
porsager,postgres
tulios,kafkajs
sindresorhus,fast-cli
johnpapa,lite-server
ForestAdmin,lumber
sindresorhus,slugify
pump-io,pump.io
ladjs,lad
1602,jugglingdb
asciidwango,js-primer
mrvautin,expressCart
lirantal,nodejs-cli-apps-best-practices
apache,cordova-ios
webpack,webpack.js.org
helpers,handlebars-helpers
oracle,node-oracledb
streamlink,streamlink-twitch-gui
xmppjs,xmpp.js
sindresorhus,eslint-plugin-unicorn
geoip-lite,node-geoip
sockjs,sockjs-node
eleith,emailjs
tediousjs,node-mssql
siimon,prom-client
cazala,coin-hive
nodejs,node-chakracore
BretFisher,node-docker-good-defaults
sqorn,sqorn
form-data,form-data
pattern-lab,patternlab-node
alibaba,uirecorder
jonschlinkert,gray-matter
notifme,notifme-sdk
sindresorhus,gulp-imagemin
GladysAssistant,Gladys
nicolaspanel,numjs
mozilla,node-convict
visionmedia,masteringnode
pstadler,flightplan
nodejs,nodejs.org
webkul,vivid
sindresorhus,globby
Schmavery,facebook-chat-api
rsms,node-imagemagick
justadudewhohacks,face-recognition.js
clouDr-f2e,rubick
Blizzard,node-rdkafka
cliftonc,calipso
Aaaaaaaty,blog
schn4ck,schnack
yioMe,nodejs_wx_aipay_api
postwait,node-amqp
Haehnchen,crypto-trading-bot
lirantal,awesome-nodejs-security
lirantal,is-website-vulnerable
sodium-friends,learntocrypto
HowProgrammingWorks,Index
danielfsousa,express-rest-boilerplate
dynamoose,dynamoose
vladocar,screenshoteer
alseambusher,crontab-ui
jishi,node-sonos-http-api
expressjs,cookie-parser
expressjs,generator
ianstormtaylor,permit
techpines,express.io
solid,node-solid-server
i5ting,nodejs-fullstack
zalando,tailor
js-data,js-data
sindresorhus,on-change
Crizstian,cinema-microservice
WebPageTest,webpagetest-api
bichenkk,coinmon
silverwind,droppy
mikeal,roll-call
facundoolano,google-play-scraper
ArekSredzki,electron-release-server
sindresorhus,gulp-rev
tdegrunt,jsonschema
smrchy,rsmq
feross,spoof
andywer,leakage
theoephraim,node-google-spreadsheet
mikeerickson,validatorjs
bokub,chalk-animation
cthackers,adm-zip
luangjokaj,wordpressify
sindresorhus,pageres-cli
bytenode,bytenode
patrikx3,onenote
ptarjan,node-cache
alex-seville,blanket
coderaiser,cloudcmd
godaddy,terminus
78,ssbc
fabienvauchelles,scrapoxy
crossbario,autobahn-js
stripe,stripe-payments-demo
airtap,airtap
OmarElGabry,chat.io
justjavac,awesome-awesomeness-zh_CN
xiongwilee,Gracejs
odota,core
nodejscn,node-api-cn
stevenvachon,broken-link-checker
nullivex,nodist
ilearnio,module-alias
martynsmith,node-irc
ToothlessGear,node-gcm
volumio,Volumio2
feross,buffer
webtorrent,bittorrent-tracker
madhums,node-express-mongoose
tus,tus-js-client
Pomax,bezierjs
codetheweb,tuyapi
arterli,CmsWing
wangweianger,zanePerfor
jonschlinkert,markdown-toc
game-helper,weixin
expressjs,serve-static
scality,cloudserver
lance-gg,lance
sindresorhus,emittery
sindresorhus,capture-website
ehmicky,cross-platform-node-guide
mullwar,telebot
keenwon,antcolony
asapach,peerflix-server
DylanPiercey,auto-sni
rzcoder,node-rsa
node-pinus,pinus
richardgirges,express-fileupload
pillarjs,multiparty
Azure,azure-sdk-for-node
Level,level
testjavascript,nodejs-integration-tests-best-practices
strongloop,microgateway
ivanseidel,node-draftlog
moscajs,aedes
node-hid,node-hid
pillarjs,cookies
victorb,trymodule
pirple,The-NodeJS-Master-Class
tnfe,FFCreator
moeiscool,Shinobi
kevva,download
c4milo,node-webkit-agent
kyle8998,Vynchronize
datastax,nodejs-driver
alexa-samples,skill-sample-nodejs-fact
baryon,tracer
seanjameshan,blockchain-cli
biggora,caminte
fivdi,onoff
alibaba,dawn
criso,fbgraph
tmijs,tmi.js
denghongcai,forsaken-mail
peter-murray,node-hue-api
afc163,fanyi
abalabahaha,eris
mercurius-js,mercurius
simov,express-admin
webtorrent,bittorrent-dht
alexa-js,alexa-app
pubkey,broadcast-channel
welkinwong,nodercms
icebob,fastest-validator
engineer-man,piston
jeremydaly,lambda-api
website-scraper,node-website-scraper
manrajgrover,football-cli
omnidan,node-emoji
exoframejs,exoframe
claudioc,jingo
sindresorhus,electron-util
jbuget,nodejs-clean-architecture-app
befinal,node-tenpay
gildas-lormeau,SingleFileZ
devSchacht,translations
o2team,athena
ScrapingBoot,JSpider
watson-developer-cloud,speech-to-text-nodejs
iamdarcy,hioshop-miniprogram
b00giZm,docker-compose-nodejs-examples
sachinchoolur,lightgallery-desktop
conradoqg,naivecoin
FreezingMoon,AncientBeast
PixelsCommander,ViralJS
expressjs,cookie-session
i5ting,koa-generator
DimiMikadze,create-social-network
Kong,unirest-nodejs
jshttp,mime-types
ByronHsu,life-commit
sindresorhus,is-online
pchab,ProjectRTC
beginner-corp,slack
hbi99,defiant.js
RuntimeTools,appmetrics
jshttp,cookie
godaddy,kubernetes-client
bitcoinvsalts,node-binance-trader
nodejs,readable-stream
seeden,rbac
rbren,rss-parser
wclimb,Koa2-blog
mdn,express-locallibrary-tutorial
cla-assistant,cla-assistant
thecodrr,fdir
vvo,next-iron-session
metowolf,BilibiliHelper
Cherrison,CrackMinApp
dominikwilkowski,cfonts
psolom,RichFilemanager
TevinLi,amWiki
matteodem,meteor-boilerplate
sindresorhus,terminal-image
janoside,btc-rpc-explorer
ruyadorno,ntl
nchaulet,node-geocoder
song940,node-escpos
paschmann,rasa-ui
elecV2,elecV2P
petecoop,generator-express
ruyadorno,ipt
sindresorhus,wallpaper
ysugimoto,aws-lambda-image
fivdi,pigpio
NEIAPI,nei-toolkit
firebase,quickstart-nodejs
Ebookcoin,ebookcoin
orliesaurus,nodemailer-mailgun-transport
learning-zone,nodejs-interview-questions
gulzar1996,auto-like-my-gf-insta-pic
jely2002,youtube-dl-gui
dropbox,dropbox-sdk-js
hemerajs,hemera
mysticatea,eslint-plugin-node
JamieMason,shrinkpack
electron-userland,electron-prebuilt
maitraysuthar,rest-api-nodejs-mongodb
APIDevTools,swagger-parser
HospitalRun,hospitalrun-server
ecitlm,Node-SpliderApi
CleverProgrammers,nodejs-zoom-clone
graphql-boilerplates,node-graphql-server
vesparny,fair-analytics
bnoguchi,mongoose-auth
uzairfarooq,arrive
amitmerchant1990,electron-markdownify
micro-analytics,micro-analytics-cli
MONEI,Shopify-api-node
jedireza,frame
sindresorhus,gulp-changed
jenkoian,hacktoberfest-checker
timqian,hacker-job-trends
aliyun-UED,aliyun-sdk-js
ealeksandrov,NodeAPI
Thuzi,facebook-node-sdk
mxstbr,micro-github
hack-chat,main
sindresorhus,p-map
vasani-arpit,WBOT
metarhia,impress
yi-ge,Koa2-API-Scaffold
XervoIO,demeteorizer
istanbuljs,istanbuljs
kengz,aiva
pkwenda,Blog
pillarjs,send
expressjs,vhost
LianjiaTech,fee
RisingStack,risingstack-bootcamp
Level,leveldown
FGRibreau,check-build
sinedied,backslide
feross,hostile
webtorrent,webtorrent-cli
nastyox,Rando.js
sindresorhus,node-module-boilerplate
igorantun,node-chat
sitegui,nodejs-websocket
apache,cordova-plugin-file
mikedeboer,jsDAV
M6Web,websocket-bench
dialogflow,dialogflow-nodejs-client
RanvierMUD,ranviermud
denysdovhan,inboxer
binci,binci
xxczaki,oji
takayama-lily,oicq
notablemind,jupyter-nodejs
socketio,engine.io-client
Azure,azure-xplat-cli
dataproofer,Dataproofer
tobiaslins,avatar
rickyrauch,nodejs-starter
mher,node-celery
icflorescu,iisexpress-proxy
hiproxy,hiproxy
cmake-js,cmake-js
totemstech,instagram-node
inspect-js,node-deep-equal
browserify,resolve
OpenUserJS,OpenUserJS.org
bmino,binance-triangle-arbitrage
ssstk,findcl
bencevans,node-sonos
polonel,trudesk
vmasto,express-babel
z-------------,CPod
t1msh,node-oauth20-provider
slanatech,swagger-stats
mrvautin,openKB
kosmtik,kosmtik
ashiina,lambda-local
jsososo,QQMusicApi
suguru03,neo-async
JamesBarwell,rpi-gpio.js
apache,cordova-plugin-geolocation
victorb,autochecker
ziyasal,scientist.js
kerimdzhanov,dotenv-flow
twitterdev,Twitter-API-v2-sample-code
albert-gonzalez,easytimer.js
SwapnilSoni1999,spotify-dl
expressjs,serve-favicon
NimaSoroush,differencify
paed01,bpmn-engine
APIDevTools,json-schema-ref-parser
biggora,express-useragent
nikhilk,node-tensorflow
dialogflow,dialogflow-fulfillment-nodejs
yodaos-project,ShadowNode
vbauer,manet
hcodes,yaspeller
chill117,proxy-lists
dutiyesh,chrome-extension-cli
testing-library,testing-playground
gribnoysup,wunderbar
apache,incubator-weex-cli
shalvah,DownloadThisVideo
lukeed,httpie
bradleyboy,tuql
kevva,wifi-password
qiniu,nodejs-sdk
APIDevTools,swagger-express-middleware
bahmutov,next-update
expressjs,method-override
aadsm,jsmediatags
postlight,lux
Devs-Garden,jsonbase
joshuaalpuerto,node-ddd-boilerplate
getndazn,dazn-lambda-powertools
watson-developer-cloud,personality-insights-nodejs
pbojinov,request-ip
apache,cordova-plugin-file-transfer
mathjax,MathJax-node
santinic,pampy.js
brannondorsey,whonow
pgriess,node-msgpack
ehmicky,nve
npkgz,cli-progress
mtgjson,mtgjson3
heimi-block,egg-RESTfulAPI
sindresorhus,electron-better-ipc
FantasticLBP,Anti-WebSpider
n0ruSh,the-art-of-reading
bevry,watchr
Wizzercn,NodeWk
austinksmith,Hamsters.js
FrontendMasters,api-design-node-v3
dudleycarr,nsqjs
krissnawat,medium-clone-on-node
bpaquet,node-logstash
i5ik,sirdb
fhinkel,type-profile
embbnux,kails
thenativeweb,node-eventstore
Dexus,pem
sindresorhus,active-win
Postleaf,postleaf
izy521,discord.io
googleapis,nodejs-firestore
vitalets,websocket-as-promised
nodejs,http2
iamshaunjp,node-js-playlist
sindresorhus,crypto-hash
bokub,gradient-string
apache,cordova-weinre
torreyleonard,algotrader
yaorg,node-measured
openzipkin,zipkin-js
luin,ranaly
silas,node-consul
untu,comedy
cutenode,good-first-issue
netpi,ueditor
Canop,miaou
TejasQ,add-gitignore
ericholiveira,studio
kriszyp,multi-node
rodrigogs,easyvpn
simonepri,upash
RisingStack,multi-process-nodejs-example
gliffy,canvas2svg
stems,graphql-depth-limit
dimitrinicolas,lepto
typograf,typograf
sindresorhus,electron-reloader
o2team,elf
node-modules,weibo
sonnyp,aria2.js
ybogdanov,node-sync
AschPlatform,asch
cloudinary,cloudinary_npm
tj,node-growl
e-oj,Fawn
elastic,apm-agent-nodejs
apache,couchdb-nano
PhilWaldmann,openrecord
CapacitorSet,box-js
holidayextras,jsonapi-server
sindresorhus,gulp-ruby-sass
sunng87,node-geohash
ethanent,phin
TomPrograms,stormdb
Financial-Times,polyfill-library
tlhunter,Cobalt-Calibur-3
RisingStack,trace-nodejs
allegro,node-worker-nodes
techreagan,youtube-clone-nodejs-api
simov,purest
steedos,steedos-platform
zenorocha,sublime-javascript-snippets
kesla,node-snappy
zhangshuiyong,nodequant
docsifyjs,docsify-cli
static-dev,spike
keichi,binary-parser
Klemen1337,node-thermal-printer
jondubois,iogrid
GianlucaGuarini,es6-project-starter-kit
x-cold,yuque-hexo
lucasbento,graphql-pokemon
wchaowu,nodejs
lishuaixingNewBee,gordanTv
LearningLocker,learninglocker
sindresorhus,ky-universal
victor369basu,Real-time-stock-market-prediction
nodejs,citgm
damianociarla,node-ffmpeg
ZeroCho,nodejs-book
Snipa22,nodejs-pool
andy-portmen,native-client
lovell,limax
taobataoma,meanTorrent
wangweianger,web-performance-monitoring-system
feross,bitmidi.com
Picovoice,rhino
anabastos,node101
erikdubbelboer,node-sleep
lloyd,node-compute-cluster
sindresorhus,negative-array
rkusa,pdfjs
ahmadawais,create-node-cli
apache,cordova-plugin-whitelist
lmammino,jwt-cracker
bitfinexcom,bitfinex-api-node
sindresorhus,sindresorhus-cli
simonepri,sympact
furier,websync
aerogear,create-graphql
eviltik,evilscan
xiugangzhang,video.github.io
sindresorhus,terminal-link
SudhanPlayz,Discord-MusicBot
ehmicky,log-process-errors
expressjs,response-time
lirantal,lockfile-lint
confuser,graphql-constraint-directive
alexa-samples,skill-sample-nodejs-audio-player
Cretezy,Noderize
nystudio107,annotated-webpack-config
webtorrent,webtorrent-hybrid
thebigredgeek,apollo-resolvers
jamhall,s3rver
joyent,node-workflow
OpenBazaar,OpenBazaar-Client
nswbmw,mongolass
nicola,node-imessage
grouparoo,grouparoo
moshang-xc,lottery
kr1sp1n,node-vault
tartanguru,alexa-assistant
egoist,tooling
aheckmann,mquery
adaptlearning,adapt_authoring
maxpert,raspchat
srod,node-minify
mixpanel,mixpanel-node
glayzzle,php-parser
vitalets,await-timeout
kuno,GeoIP
noopkat,avrgirl-arduino
sindresorhus,awesome-lint
keycloak,keycloak-nodejs-connect
theKashey,rewiremock
hello-react,HoServer
wasmerio,wasmer-js
nodejs-tw,nodejs-wiki-book
ain,smartbanner.js
filerjs,filer
Sandermoen,instaclone
oncletom,tld.js
aichbauer,express-rest-api-boilerplate
philschatz,octokat.js
lorenzofox3,zora
Zooz,predator
pkrumins,nodejs-proxy
tj,haml.js
sqmk,huejay
d-band,better-xlsx
sindresorhus,escape-goat
gytai,KeFu
giggio,node-chromedriver
11ways,janeway
RisingStack,protect
Shyam-Chen,Express-Starter
shinnn,isogram
xyfcode,zspeed
Rain120,qq-music-api
tj,node-delegates
RuntimeTools,appmetrics-dash
elpheria,rpc-websockets
14glwu,FEInterviewBox
vaheqelyan,karin
dalenguyen,firestore-import-export
gnuns,allOrigins
kriskbx,gitlab-time-tracker
nhunzaker,speakeasy
sudo-suhas,elastic-builder
abcd498936590,Dart-Cms
expressjs,errorhandler
skale-me,skale
anmol098,npx_card
standard,snazzy
iriscouch,follow
xoxco,node-slack
ConsenSys,abi-decoder
zkat,make-fetch-happen
thundernet8,AlipayOrdersSupervisor
AnIdiotsGuide,guidebot
shelfio,jest-mongodb
nccgroup,wssip
apache,cordova-plugman
wallace5303,dapps
lucagrulla,node-tail
EQuimper,nodejs-api-boilerplate
PacktPublishing,Node.js-Design-Patterns-Third-Edition
arunoda,node-usage
steves,node-jira
expressjs,serve-index
sarkistlt,graphql-auto-generating-cms
Wscats,node-tutorial
sindresorhus,gulp-mocha
sindresorhus,eslint-formatter-pretty
HowProgrammingWorks,NodejsStarterKit
versatica,mediasoup-client
joshuaferrara,node-csgo
fastify,benchmarks
withspectrum,micro-open-graph
zhuyingda,webster
pierrec,node-lz4
FrankHassanabad,Oauth2orizeRecipes
AnomalyInnovations,serverless-bundle
agenda,human-interval
aacerox,node-rest-client
nothingisdead,npm-kraken-api
CapacitorSet,rebridge
hobochild,js-fire
shekit,peeqo-robot
floralvikings,jira-connector
germanattanasio,visual-recognition-nodejs
abhijithvijayan,stargazed
mschwarzmueller,nodejs-basics-tutorial
stackdot,NodeJS-Git-Server
answershuto,Rental
flesler,hashmap
FrontendMasters,intro-node-js
ThalKod,DropIt
pillarjs,router
75lb,handbrake-js
feross,simple-get
tencentyun,wafer2-quickstart-nodejs
thomas4019,expressa
sindresorhus,conduct
BackendStack21,restana
terry-fei,wechat-bot
pokusew,nfc-pcsc
nobrainr,typescript-webpack-starter
clux,decay
spikenail,spikenail
APIDevTools,swagger-cli
diegohaz,nod
willerce,canku
huaize2020,awesome-nodejs
sunkuo,grow-to-express
hawkeyesec,scanner-cli
linweiwei123,multipages-generator
kubesail,deploy-node-app
tamkeen-tms,electron-window-manager
Shmakov,Honeypot
waleedahmad,node-stream
yaacov,node-modbus-serial
bh-lay,blog
serverless-components,express
facebook,facebook-nodejs-business-sdk
sindresorhus,electron-timber
follow-redirects,follow-redirects
apache,cordova-plugin-media
shannonmoeller,handlebars-layouts
balenalabs,balena-electronjs
diamondio,better-queue
kenshinji,yddict
sematext,logagent-js
davidgatti,How-to-Stream-Movies-using-NodeJS
lovell,farmhash
jest-community,jest-junit
ShinobiCCTV,Shinobi
wuchangming,https-mitm-proxy-handbook
ubports,ubports-installer
PokeAPI,pokedex-promise-v2
glaucia86,js-101-beginners-ms
bsspirit,nodejs-demo
Ezelia,eureca.io
apache,cordova-plugin-device
TryGhost,Ghost-CLI
akaJes,marlin-config
silentrob,Apricot
jshttp,on-finished
Daotin,Web
JerryC8080,Memeye
webtorrent,parse-torrent
kshvmdn,nba.js
oyyd,http-proxy-to-socks
linkfy,Tools-for-Instagram
freeCodeCamp,meeting-for-good
ghaiklor,generator-sails-rest-api
SebOuellette,LiveBot
kevva,decompress
tj,punt
FGRibreau,node-request-retry
visgl,loaders.gl
sindresorhus,alfred-emoj
jansepar,node-jenkins-api
nodejs,security-wg
ArugaZ,whatsapp-bot
feross,run-parallel
anvilco,spectaql
madlabsinc,teachcode
sockethub,sockethub
flftfqwxf,mockserver
qiujun8023,ss-panel-server
getconversio,node-bigcommerce
Webschool-io,Bot-Telegram-BeMEAN
johnpduane,confluence-api
watson-developer-cloud,discovery-nodejs
soterinsights,speedtest
Ideame,paypal-adaptive-sdk-nodejs
aliyun,aliyun-openapi-nodejs-sdk
RisingStack,cqrs-example
sindresorhus,gulp-plugin-boilerplate
city41,node-sql-fixtures
douglaszuqueto,esp8266-rfid-banco-de-dados
boosterfuels,monogram
feross,unmute-ios-audio
NodeSecure,js-x-ray
jonschlinkert,dashify
ltv,nodejs-course
zhouningyi,exchanges
okta,okta-sdk-nodejs
RubyLouvre,agate
zsxsoft,useragent.js
luin,serialize
jpchip,giveaway-grabber
catin-black,meteor-emails
pd4d10,friendly-error
DominicTobias,keshi
hoppscotch,hopp-doc-gen
logdna,nodejs
davglass,cpr
neuqzxy,chat
adnanrahic,securing-restful-apis-with-jwt
hengkiardo,express4-bootstrap-starter
liuxing,node-abc
InstantWebP2P,peer-vnc
doowb,ansi-colors
tinify,tinify-nodejs
v8,web-tooling-benchmark
amirsanni,Video-Call-App-NodeJS
mxriverlynn,mustbe
cnwhy,lib-qqwry
kaelzhang,node-ignore
dbelyaeff,cogear.js
netpi,baidu-ocr-api
goodybag,mongo-sql
watscho,express-graphql-mongodb-boilerplate
perry-mitchell,webdav-client
sindresorhus,gulp-filter
maanavshah,stock-market-india
gwjjeff,cryptojs
jira-node,node-jira-client
kessler,node-bcat
mseminatore,TeslaJS
feross,safe-buffer
darcyclarke,rawkit
blockchain,api-v1-client-node
stream-utils,raw-body
ItzBlitz98,torrentflix
msfidelis,serverless-architecture-boilerplate
sidneys,desktop-dimmer
roccomuso,iot-433mhz
zaggino,z-schema
QubitProducts,urlite
petersalomonsen,wasm-git
mysqljs,sqlstring
micromatch,anymatch
wangfupeng1988,node-tutorial
dougwilson,nodejs-depd
cr0hn,vulnerable-node
silas,node-jenkins
vshymanskyy,miband-js
sindresorhus,bitbar
rocketseat-education,semana-omnistack-10
teamdfir,sift-cli
jquatier,eureka-js-client
paulmg,ThreeJS-Webpack-ES6-Boilerplate
contentful,the-example-app.nodejs
adnanrahic,nodejs-restful-api
omnip620,node-zookeeper-dubbo
hprose,hprose-nodejs
antelle,node-stream-zip
cli-table,cli-table3
image-js,image-js
aws-samples,aws-nodejs-sample
optilude,xlsx-template
rddill-IBM,ZeroToBlockchain
adam-cowley,neode
GAwesomeBot,bot
miguelmota,merkletreejs
iliakan,nodejs-screencast
simple-xmpp,node-simple-xmpp
nicolaspanel,node-svm
nowsecure,node-applesign
alidavut,locus
node-modules,detect-port
cornflourblue,node-mongo-registration-login-api
jollen,nodejs-fullstack-book
andrehaveman,spotify-node-applescript
FGRibreau,forever-webui
gdsestimating,three-dxf
kevva,url-regex
vzhou842,example-.io-game
bionode,bionode
terkelg,exifer
waldemarnt,node-typescript-api
webtorrent,bittorrent-protocol
alex7kom,node-steam-tradeoffers
slashhuang,blog
Srar,AlipayF2F
tulios,mappersmith
ekalinin,typogr.js
expressjs,timeout
sindresorhus,grunt-php
webtorrent,create-torrent
oncletom,nodebook
i5ting,wechat-dev-with-nodejs
TestArmada,magellan
jonschlinkert,kind-of
bluegill,katana
chunyenHuang,hummusRecipe
pattern-lab,edition-node-gulp
